INSERT INTO brands (id, name, country)
VALUES (1, 'Toyota', 'Tanzania'),
       (2, 'Ford', 'Hungary'),
       (3, 'BMW', 'Senegal'),
       (4, 'Audi', 'Tuvalu'),
       (5, 'Mercedes', 'Italy'),
       (6, 'Kia', 'Armenia'),
       (7, 'Hyundai', 'Eritrea'),
       (8, 'Chevrolet', 'Madagascar'),
       (9, 'Volkswagen', 'Libyan Arab Jamahiriya'),
       (10, 'Nissan', 'Iraq'),
       (11, 'Mazda', 'Uruguay'),
       (12, 'Honda', 'Slovenia'),
       (13, 'Skoda', 'Switzerland'),
       (14, 'Peugeot', 'Gabon'),
       (15, 'Renault', 'Lesotho');

INSERT INTO classes_cars (id, class)
VALUES (1, 'A'),
       (2, 'B'),
       (3, 'C'),
       (4, 'D'),
       (5, 'E'),
       (6, 'F'),
       (7, 'S'),
       (8, 'M'),
       (9, 'J'),
       (10, 'P'),
       (11, 'G'),
       (12, 'H'),
       (13, 'N'),
       (14, 'T'),
       (15, 'Z');

INSERT INTO drive_types (id, type)
VALUES (1, 'FWD'),
       (2, 'RWD'),
       (3, 'AWD'),
       (4, '4WD'),
       (5, 'Electric'),
       (6, 'Hybrid'),
       (7, 'Manual'),
       (8, 'Auto'),
       (9, 'Semi-Auto'),
       (10, 'Hydraulic'),
       (11, 'CVT'),
       (12, 'Chain'),
       (13, 'Magnetic'),
       (14, 'Axle'),
       (15, 'Torque');

INSERT INTO car_body_types (id, name)
VALUES (1, 'Sedan'),
       (2, 'Hatchback'),
       (3, 'SUV'),
       (4, 'Coupe'),
       (5, 'Convertible'),
       (6, 'Wagon'),
       (7, 'Van'),
       (8, 'Pickup'),
       (9, 'Roadster'),
       (10, 'Crossover'),
       (11, 'Jeep'),
       (12, 'Limousine'),
       (13, 'Micro'),
       (14, 'Compact'),
       (15, 'Utility');

INSERT INTO fuel_types (id, type)
VALUES (1, 'Gasoline'),
       (2, 'Diesel'),
       (3, 'Electric'),
       (4, 'Hybrid'),
       (5, 'CNG'),
       (6, 'LPG'),
       (7, 'Hydrogen'),
       (8, 'Biofuel'),
       (9, 'Kerosene'),
       (10, 'Alcohol'),
       (11, 'Propane'),
       (12, 'Solar'),
       (13, 'Ammonia'),
       (14, 'Nitromethane'),
       (15, 'Steam');

INSERT INTO engines (id, name_engine)
VALUES (1, 'Help Engine 1'),
       (2, 'Past Engine 2'),
       (3, 'Wait Engine 3'),
       (4, 'Whatever Engine 4'),
       (5, 'Discover Engine 5'),
       (6, 'Mother Engine 6'),
       (7, 'Chair Engine 7'),
       (8, 'Father Engine 8'),
       (9, 'Challenge Engine 9'),
       (10, 'Someone Engine 10'),
       (11, 'Beyond Engine 11'),
       (12, 'Present Engine 12'),
       (13, 'Successful Engine 13'),
       (14, 'Enough Engine 14'),
       (15, 'Where Engine 15');

INSERT INTO positions (id, position)
VALUES (1, 'Manager'),
       (2, 'Salesperson'),
       (3, 'Mechanic'),
       (4, 'Technician'),
       (5, 'Engineer'),
       (6, 'Cleaner'),
       (7, 'Driver'),
       (8, 'Clerk'),
       (9, 'Accountant'),
       (10, 'HR'),
       (11, 'Security'),
       (12, 'Director'),
       (13, 'IT'),
       (14, 'Trainer'),
       (15, 'Intern');

INSERT INTO labor_rates (id, rate)
VALUES (1, '0.25'),
       (2, '0.3'),
       (3, '0.35'),
       (4, '0.4'),
       (5, '0.45'),
       (6, '0.5'),
       (7, '0.55'),
       (8, '0.6'),
       (9, '0.65'),
       (10, '0.7'),
       (11, '0.75'),
       (12, '0.8'),
       (13, '0.85'),
       (14, '0.9'),
       (15, '0.95');

INSERT INTO order_types (id, type)
VALUES (1, 'Hiring'),
       (2, 'Firing'),
       (3, 'Promotion'),
       (4, 'Demotion'),
       (5, 'Salary Raise'),
       (6, 'Transfer'),
       (7, 'Training'),
       (8, 'Bonus'),
       (9, 'Warning'),
       (10, 'Retirement'),
       (11, 'Leave'),
       (12, 'Absence'),
       (13, 'Reprimand'),
       (14, 'Praise'),
       (15, 'Schedule Change');

INSERT INTO telephone_type (id, type)
VALUES (1, 'Mobile'),
       (2, 'Home'),
       (3, 'Work'),
       (4, 'Fax'),
       (5, 'Satellite'),
       (6, 'Pager'),
       (7, 'VoIP'),
       (8, 'Skype'),
       (9, 'Telegram'),
       (10, 'Signal'),
       (11, 'WhatsApp'),
       (12, 'Viber'),
       (13, 'Zoom'),
       (14, 'Teams'),
       (15, 'Other');

INSERT INTO human (id, surname, name, patronymic, date_birth, serial_passport, number_passport, issued_passport,
                   number_department, place_registration, place_residence)
VALUES (1, 'Иванов', 'Алексей', 'Сергеевич', '1985-03-14', 4501, 123456, 'ОВД Ленинского района г. Екатеринбурга',
        660001, 'г. Екатеринбург, ул. Ленина, д. 15, кв. 45', 'г. Екатеринбург, ул. Малышева, д. 7, кв. 32'),
       (2, 'Петрова', 'Мария', 'Андреевна', '1990-07-25', 4602, 234567, 'ГУ МВД по Челябинской области', 740002,
        'г. Челябинск, ул. Коммуны, д. 20, кв. 12', 'г. Челябинск, ул. Труда, д. 56, кв. 21'),
       (3, 'Сидоров', 'Иван', 'Алексеевич', '1978-11-03', 7003, 345678, 'ОВД Центрального района г. Новосибирска',
        540003, 'г. Новосибирск, пр. Дзержинского, д. 9, кв. 101',
        'г. Новосибирск, ул. Красный проспект, д. 33, кв. 5'),
       (4, 'Кузнецова', 'Екатерина', 'Владимировна', '1995-04-17', 5904, 456789, 'ГУ МВД по Пермскому краю', 590004,
        'г. Пермь, ул. Ленина, д. 78, кв. 89', NULL),
       (5, 'Морозов', 'Дмитрий', 'Игоревич', '1980-12-05', 5005, 567890, 'ОВД Советского района г. Казани', 160005,
        'г. Казань, ул. Баумана, д. 12, кв. 34', 'г. Казань, ул. Петербургская, д. 45, кв. 9'),
       (6, 'Васильева', 'Анна', 'Николаевна', '1988-09-09', 4806, 678901, 'ГУ МВД по Калужской области', 400006,
        'г. Калуга, ул. Кирова, д. 5, кв. 23', 'г. Калуга, ул. Ленина, д. 98, кв. 2'),
       (7, 'Козлов', 'Николай', 'Михайлович', '1992-02-22', 6307, 789012, 'ОВД Октябрьского района г. Омска', 550007,
        'г. Омск, ул. Масленникова, д. 30, кв. 11', 'г. Омск, ул. Красный путь, д. 8, кв. 42'),
       (8, 'Новикова', 'Ольга', 'Юрьевна', '1983-08-19', 7708, 890123, 'ГУ МВД по г. Москве', 770008,
        'г. Москва, ул. Арбат, д. 45, кв. 17', 'г. Москва, ул. Тверская, д. 12, кв. 56'),
       (9, 'Фёдоров', 'Артём', 'Евгеньевич', '1991-06-30', 7809, 901234, 'ГУ МВД по г. Санкт-Петербургу', 780009,
        'г. Санкт-Петербург, пр. Невский, д. 100, кв. 25', NULL),
       (10, 'Борисова', 'Наталья', 'Павловна', '1976-01-11', 4700, 112233, 'ОВД Железнодорожного района г. Уфы', 200010,
        'г. Уфа, пр. Октября, д. 88, кв. 70', 'г. Уфа, ул. Комсомольская, д. 23, кв. 5'),
       (11, 'Макаров', 'Олег', 'Станиславович', '1984-06-02', 6601, 345222,
        'ОВД Сормовского района г. Нижнего Новгорода', 520011, 'г. Нижний Новгород, ул. Бекетова, д. 17, кв. 44',
        'г. Нижний Новгород, ул. Героя Попова, д. 11, кв. 29'),
       (12, 'Егорова', 'Елена', 'Викторовна', '1993-05-12', 6309, 293874, 'ГУ МВД по Тюменской области', 720012,
        'г. Тюмень, ул. Республики, д. 21, кв. 4', 'г. Тюмень, ул. Хохрякова, д. 33, кв. 10'),
       (13, 'Тихонов', 'Владимир', 'Юрьевич', '1981-10-09', 5802, 123987, 'ОВД Заволжского района г. Ульяновска',
        730013, 'г. Ульяновск, ул. Радищева, д. 22, кв. 7', NULL),
       (14, 'Романова', 'Светлана', 'Александровна', '1999-01-20', 4807, 883214, 'ГУ МВД по Республике Татарстан',
        160014, 'г. Казань, ул. Зинина, д. 55, кв. 3', 'г. Казань, ул. Муштари, д. 14, кв. 28'),
       (15, 'Орлов', 'Юрий', 'Андреевич', '1987-07-01', 5405, 739028, 'ОВД Кировского района г. Самары', 630015,
        'г. Самара, ул. Победы, д. 38, кв. 64', 'г. Самара, ул. Ново-Садовая, д. 9, кв. 31'),
       (16, 'Демидова', 'Алиса', 'Ильинична', '2000-03-14', 7702, 229384, 'ГУ МВД по г. Москве', 770016,
        'г. Москва, ул. Маросейка, д. 13, кв. 6', NULL),
       (17, 'Григорьев', 'Максим', 'Васильевич', '1998-12-03', 7801, 109328, 'ГУ МВД по г. Санкт-Петербургу', 780017,
        'г. Санкт-Петербург, ул. Марата, д. 47, кв. 12', 'г. Санкт-Петербург, ул. Литейный, д. 25, кв. 14'),
       (18, 'Белова', 'Ксения', 'Дмитриевна', '1982-02-17', 6409, 667123, 'ОВД Советского района г. Волгограда', 340018,
        'г. Волгоград, ул. Ангарская, д. 66, кв. 40', 'г. Волгоград, пр. Университетский, д. 12, кв. 88'),
       (19, 'Попов', 'Евгений', 'Михайлович', '1996-08-28', 5306, 114567, 'ГУ МВД по Курской области', 460019,
        'г. Курск, ул. Ленина, д. 6, кв. 15', NULL),
       (20, 'Семенова', 'Ирина', 'Романовна', '1986-11-11', 5504, 776655, 'ГУ МВД по Алтайскому краю', 220020,
        'г. Барнаул, ул. Молодёжная, д. 10, кв. 2', 'г. Барнаул, ул. Гоголя, д. 3, кв. 7'),
       (21, 'Мельников', 'Станислав', 'Анатольевич', '1990-10-10', 4702, 345672, 'ГУ МВД по Свердловской области',
        660021, 'г. Екатеринбург, ул. Вайнера, д. 14, кв. 22', 'г. Екатеринбург, ул. 8 Марта, д. 90, кв. 12'),
       (22, 'Лебедева', 'Татьяна', 'Георгиевна', '1977-09-05', 7105, 223344, 'ГУ МВД по Рязанской области', 620022,
        'г. Рязань, ул. Есенина, д. 3, кв. 8', NULL),
       (23, 'Никитин', 'Олег', 'Фёдорович', '1983-06-16', 5409, 112358, 'ОВД Центрального района г. Иркутска', 380023,
        'г. Иркутск, ул. Байкальская, д. 17, кв. 26', 'г. Иркутск, ул. Лермонтова, д. 14, кв. 5'),
       (24, 'Алексеева', 'Надежда', 'Константиновна', '1994-04-07', 6103, 443322, 'ГУ МВД по Ростовской области',
        610024, 'г. Ростов-на-Дону, ул. Ленина, д. 22, кв. 14', 'г. Ростов-на-Дону, пр. Стачки, д. 78, кв. 29'),
       (25, 'Жуков', 'Артемий', 'Борисович', '2001-01-01', 6207, 998877, 'ГУ МВД по Ставропольскому краю', 260025,
        'г. Ставрополь, ул. Дзержинского, д. 9, кв. 6', NULL),
       (26, 'Соколова', 'Евгения', 'Леонидовна', '1995-12-30', 4908, 887766, 'ГУ МВД по Хабаровскому краю', 270026,
        'г. Хабаровск, ул. Карла Маркса, д. 5, кв. 11', 'г. Хабаровск, ул. Ленина, д. 3, кв. 4'),
       (27, 'Матвеев', 'Роман', 'Алексеевич', '1989-05-08', 5102, 776688, 'ГУ МВД по Камчатскому краю', 410027,
        'г. Петропавловск-Камчатский, ул. Советская, д. 1, кв. 2',
        'г. Петропавловск-Камчатский, ул. Ломоносова, д. 10, кв. 5'),
       (28, 'Зайцева', 'Алиса', 'Юрьевна', '1997-03-21', 7504, 667788, 'ГУ МВД по Республике Бурятия', 030028,
        'г. Улан-Удэ, ул. Бабушкина, д. 44, кв. 19', NULL),
       (29, 'Тарасов', 'Анатолий', 'Геннадьевич', '1982-07-19', 5601, 445566, 'ГУ МВД по Ярославской области', 760029,
        'г. Ярославль, ул. Свободы, д. 12, кв. 7', 'г. Ярославль, пр. Октября, д. 4, кв. 1'),
       (30, 'Голубева', 'Дарья', 'Станиславовна', '1993-11-29', 4509, 223355, 'ГУ МВД по Костромской области', 440030,
        'г. Кострома, ул. Шагова, д. 6, кв. 3', 'г. Кострома, ул. Советская, д. 1, кв. 10');

INSERT INTO clients (human_id, number_visits)
VALUES (1, 1),
       (2, 0),
       (3, 13),
       (4, 3),
       (5, 8),
       (6, 2),
       (7, 7),
       (8, 2),
       (9, 9),
       (10, 11),
       (11, 13),
       (12, 5),
       (13, 1),
       (14, 14),
       (15, 1);

INSERT INTO staff (human_id, education, position_id, salary, labor_rate_id, hire_date, dismissal_date)
VALUES (16, 'Средне-специальное', 2, 81285, 4, '2022-07-07', '2025-01-16'),
       (17, 'Средне-специальное', 8, 104680, 3, '2022-08-29', NULL),
       (18, 'Высшее', 13, 37608, 13, '2024-04-02', NULL),
       (19, 'Высшее', 6, 99399, 5, '2023-08-06', '2025-05-10'),
       (20, 'Среднее', 11, 52913, 1, '2022-03-26', NULL),
       (21, 'Среднее', 15, 104594, 14, '2022-11-07', NULL),
       (22, 'Среднее', 11, 76812, 7, '2022-10-12', NULL),
       (23, 'Среднее', 3, 103478, 12, '2023-08-16', '2025-01-17'),
       (24, 'Средне-специальное', 2, 74029, 12, '2023-06-23', '2025-03-31'),
       (25, 'Среднее', 3, 61474, 13, '2023-09-13', NULL),
       (26, 'Среднее', 10, 67732, 11, '2021-03-11', NULL),
       (27, 'Средне-специальное', 14, 111405, 3, '2021-10-31', NULL),
       (28, 'Среднее', 12, 84318, 14, '2021-11-29', NULL),
       (29, 'Высшее', 10, 55206, 12, '2023-10-05', NULL),
       (30, 'Высшее', 4, 113545, 8, '2023-12-26', NULL);

INSERT INTO car_models (id, brand_id, class_id, drive_type_id, car_body_type_id, name_configuration, model_name, year,
                        is_orderable)
VALUES (1, 1, 11, 2, 1, 'Невыносимый Edition', 'Вздрогнуть859', 2013, true),
       (2, 2, 4, 3, 12, 'Термин Edition', 'Подробность204', 2022, true),
       (3, 3, 10, 7, 1, 'Решение Edition', 'Умолять130', 2007, true),
       (4, 4, 4, 9, 10, 'Ночь Edition', 'Торопливый127', 2022, true),
       (5, 5, 12, 11, 12, 'Наступать Edition', 'Сопровождаться658', 2018, true),
       (6, 6, 8, 10, 5, 'Народ Edition', 'Лететь928', 2005, true),
       (7, 7, 12, 7, 6, 'Призыв Edition', 'Зато384', 2009, true),
       (8, 8, 13, 6, 2, 'Монета Edition', 'Витрина194', 2017, true),
       (9, 9, 6, 14, 6, 'Очередной Edition', 'Упорно718', 2013, true),
       (10, 10, 12, 8, 9, 'Зато Edition', 'Пропасть227', 2017, true),
       (11, 11, 9, 5, 14, 'Число Edition', 'Ярко743', 2016, true),
       (12, 12, 12, 2, 1, 'Лететь Edition', 'Сходить777', 2012, false),
       (13, 13, 2, 14, 4, 'Посвятить Edition', 'Упор987', 2008, false),
       (14, 14, 5, 8, 11, 'Покидать Edition', 'Трубка954', 2016, true),
       (15, 15, 6, 6, 4, 'Витрина Edition', 'Необычный786', 2013, true);

INSERT INTO warehouses (id, name, street, total_number_places_warehouse, number_free_spaces_warehouse)
VALUES
    (1, 'Склад №1', 'пр. Мичурина, д. 1', 78, 3),
    (2, 'Склад №2', 'ул. Димитрова, д. 67 стр. 98', 120, 31),
    (3, 'Склад №3', 'бул. Васильковый, д. 9 к. 7/1', 107, 17),
    (4, 'Склад №4', 'пер. Пугачева, д. 5', 76, 69),
    (5, 'Склад №5', 'ул. Володарского, д. 19', 72, 54),
    (6, 'Склад №6', 'ш. Олимпийское, д. 60 к. 2', 58, 1),
    (7, 'Склад №7', 'ул. Братская, д. 346 к. 96', 73, 27),
    (8, 'Склад №8', 'ш. Красное, д. 162 к. 8', 109, 64),
    (9, 'Склад №9', 'ш. Рязанское, д. 56 к. 880', 56, 35),
    (10, 'Склад №10', 'пер. Северный, д. 134', 100, 91),
    (11, 'Склад №11', 'пер. Солнечный, д. 8/1', 189, 107),
    (12, 'Склад №12', 'наб. Маркса Карла, д. 93', 106, 57),
    (13, 'Склад №13', 'бул. Западный, д. 67 к. 1', 200, 71),
    (14, 'Склад №14', 'ул. Никитина, д. 503', 51, 48),
    (15, 'Склад №15', 'ш. Авиационное, д. 6 к. 9/4', 90, 89);

INSERT INTO insurance_policies (id, policy_number, insurer_name, start_date, end_date, premium_amount, coverage_details)
VALUES
    (1, 'POL10001', 'АСЦ-Холдинг', '2022-11-08', '2026-05-15', 20985.67, 'Приличный подробность самостоятельно лететь товар дрогнуть.'),
    (2, 'POL10002', 'Кудрявцев Групп', '2022-07-21', '2027-04-24', 5625.27, 'Ход актриса бак еврейский.'),
    (3, 'POL10003', 'ИП «Кулагин Дементьев»', '2023-06-26', '2025-09-26', 11875.73, 'Полоска легко решение снимать.'),
    (4, 'POL10004', 'Жданова Групп', '2022-07-15', '2025-10-30', 10580.27, 'Тусклый поколение ярко степь тута коммунизм.'),
    (5, 'POL10005', 'Николаева Лимитед', '2022-10-19', '2027-04-05', 23411.78, 'Бочок падаль сынок умирать.'),
    (6, 'POL10006', 'Международный аэропорт Шереметьево', '2023-12-04', '2026-09-05', 21917.49, 'Затянуться торговля пища изменение еврейский цепочка угодный.'),
    (7, 'POL10007', 'Ачимгаз', '2023-10-22', '2025-07-06', 27304.49, 'Выражение невозможно терапия художественный лететь выкинуть.'),
    (8, 'POL10008', 'ООО «Иванова, Баранов и Виноградова»', '2023-06-26', '2026-04-23', 7173.47, 'Упорно совещание советовать блин поколение передо.'),
    (9, 'POL10009', 'Денисов и партнеры', '2024-02-10', '2026-05-30', 15548.05, 'Спалить новый функция беспомощный школьный карандаш добиться.'),
    (10, 'POL10010', 'РАО «Титова»', '2023-07-04', '2027-01-20', 5744.93, 'Задрать рай развернуться тысяча.'),
    (11, 'POL10011', 'Родионова и партнеры', '2023-10-20', '2026-11-02', 10465.95, 'Помимо дружно построить.'),
    (12, 'POL10012', 'Рогова Инкорпорэйтед', '2023-11-17', '2025-07-16', 17633.88, 'Ставить блин тяжелый труп бетонный близко посвятить.'),
    (13, 'POL10013', 'Харитонов Лимитед', '2022-09-28', '2025-08-11', 5663.40, 'Секунда передо домашний выраженный функция заявление.'),
    (14, 'POL10014', 'ОАО «Кириллов Баранов»', '2023-04-17', '2027-02-13', 9970.94, 'Жестокий увеличиваться некоторый крыса падать дремать.'),
    (15, 'POL10015', 'ИП «Евсеев Муравьев»', '2024-04-07', '2026-08-02', 21247.11, 'Плясать привлекать конструкция сутки ремень.');

INSERT INTO car_instances (id, model_id, warehouses_id, insurance_policies_id, vin, engine_number, mileage,
                           driver_category, status, created_at)
VALUES (1, 7, 14, 12, 'VIN10000000', 'ENG50000000', 148759, 'D', 'available', '2025-05-17T16:04:05.646158'),
       (2, 3, 8, 2, 'VIN10000001', 'ENG50000001', 67954, 'CE', 'available', '2025-05-17T16:04:05.646175'),
       (3, 8, 9, 15, 'VIN10000002', 'ENG50000002', 127733, 'BE', 'available', '2025-05-17T16:04:05.646182'),
       (4, 15, 1, 8, 'VIN10000003', 'ENG50000003', 85444, 'C', 'sold', '2025-05-17T16:04:05.646187'),
       (5, 1, 13, 14, 'VIN10000004', 'ENG50000004', 229380, 'D', 'available', '2025-05-17T16:04:05.646196'),
       (6, 9, 11, 2, 'VIN10000005', 'ENG50000005', 219532, 'CE', 'available', '2025-05-17T16:04:05.646206'),
       (7, 1, 7, 11, 'VIN10000006', 'ENG50000006', 109441, 'C', 'available', '2025-05-17T16:04:05.646216'),
       (8, 4, 1, 12, 'VIN10000007', 'ENG50000007', 197854, 'A', 'available', '2025-05-17T16:04:05.646231'),
       (9, 4, 2, 10, 'VIN10000008', 'ENG50000008', 170201, 'B', 'sold', '2025-05-17T16:04:05.646241'),
       (10, 5, 12, 3, 'VIN10000009', 'ENG50000009', 26261, 'D', 'sold', '2025-05-17T16:04:05.646250'),
       (11, 11, 2, 1, 'VIN10000010', 'ENG50000010', 72014, 'D', 'available', '2025-05-17T16:04:05.646259'),
       (12, 14, 5, 3, 'VIN10000011', 'ENG50000011', 171328, 'BE', 'sold', '2025-05-17T16:04:05.646268'),
       (13, 2, 14, 3, 'VIN10000012', 'ENG50000012', 72983, 'A', 'available', '2025-05-17T16:04:05.646277'),
       (14, 1, 4, 11, 'VIN10000013', 'ENG50000013', 68070, 'BE', 'sold', '2025-05-17T16:04:05.646287'),
       (15, 6, 10, 15, 'VIN10000014', 'ENG50000014', 222675, 'A', 'sold', '2025-05-17T16:04:05.646295');

INSERT INTO car_orders (id, client_id, car_instance_id, order_date, status, total_price, comments)
VALUES (1, 12, 11, '2025-01-30', 'canceled', 67612.71, 'Include air sort couple hold group but.'),
       (2, 6, 14, '2024-02-13', 'processing', 28705.97, 'Computer pattern president.'),
       (3, 10, 5, '2023-05-27', 'new', 22461.13, 'Lead network the many ball appear.'),
       (4, 5, 6, '2025-03-16', 'completed', 81066.08, 'So teach energy possible believe step.'),
       (5, 12, 2, '2024-01-31', 'completed', 80147.52, 'Western likely almost training personal expert.'),
       (6, 1, 1, '2023-06-14', 'completed', 24747.45, 'Heavy church nature.'),
       (7, 10, 5, '2023-09-08', 'completed', 45531.28, 'Company TV policy drug.'),
       (8, 9, 3, '2025-03-29', 'completed', 20340.68, 'Foreign agency when personal huge difficult player forget.'),
       (9, 12, 4, '2023-11-18', 'new', 37709.18, 'Difficult there leg theory case north.'),
       (10, 14, 9, '2023-05-27', 'new', 37240.36, 'Us accept hope soon.'),
       (11, 14, 6, '2023-09-09', 'completed', 47324.94, 'Agent follow about.'),
       (12, 2, 9, '2023-06-22', 'canceled', 52660.42, 'Of challenge check skin.'),
       (13, 14, 13, '2025-01-17', 'completed', 21189.23, 'Industry nothing rather.'),
       (14, 2, 12, '2024-11-19', 'canceled', 48388.18, 'Two hair describe hundred candidate.'),
       (15, 5, 6, '2024-07-29', 'processing', 92772.0, 'Whom it job likely different house.');

INSERT INTO sales (id, car_instance_id, client_id, staff_id, sale_date, price, comments)
VALUES (1, 11, 10, 22, '2024-09-29', 99642.44, 'However ok structure your those head.'),
       (2, 11, 2, 17, '2023-06-02', 99816.12, 'Particularly listen down American focus something.'),
       (3, 4, 12, 19, '2024-09-14', 21421.4, 'Move system certain.'),
       (4, 1, 2, 22, '2024-03-16', 73429.83, 'Should room with.'),
       (5, 5, 8, 30, '2024-04-17', 66304.97, 'Require page claim.'),
       (6, 10, 12, 26, '2024-02-05', 37811.62, 'In opportunity you exist me value.'),
       (7, 2, 6, 19, '2024-02-09', 118788.2, 'Pick she picture.'),
       (8, 5, 10, 28, '2024-12-22', 32491.02, 'Cultural whatever computer.'),
       (9, 4, 6, 17, '2024-08-12', 21705.08, 'Fast play fact issue radio.'),
       (10, 14, 14, 27, '2023-12-11', 17899.99, 'Road get car party close.'),
       (11, 9, 8, 28, '2024-04-15', 86076.7, 'Huge away represent race sing nation.'),
       (12, 2, 8, 22, '2024-07-20', 41930.37, 'College debate direction.'),
       (13, 11, 1, 28, '2024-06-28', 37668.91, 'Standard ground think.'),
       (14, 3, 2, 19, '2024-12-08', 63132.84, 'Respond friend budget while.'),
       (15, 6, 9, 29, '2025-03-10', 30890.11, 'Significant energy citizen physical why.');

INSERT INTO sale_contracts (sales_id, order_id, contract_number, contract_date,
                            total_price, file_link, status, comments)
VALUES (1, 1, 'CONTRACT1000', '2024-12-09', 148529.69, 'http://manning.biz/', 'signed', 'Hope likely fill improve.'),
       (2, 2, 'CONTRACT1001', '2024-10-20', 39292.26, 'http://www.smith.net/', 'signed', 'Recent positive.'),
       (3, 3, 'CONTRACT1002', '2024-08-03', 102987.26, 'http://dennis.com/', 'signed', 'Break gun.'),
       (4, 4, 'CONTRACT1003', '2025-02-20', 134095.36, 'https://lowe.org/', 'signed', 'Project speech director.'),
       (5, 5, 'CONTRACT1004', '2024-07-16', 108311.39, 'http://www.carey.net/', 'signed', 'Part decade remain if.'),
       (6, 6, 'CONTRACT1005', '2024-05-24', 128359.35, 'http://mcclure.com/', 'signed', 'Upon beautiful open free.'),
       (7, 7, 'CONTRACT1006', '2024-11-28', 102558.42, 'https://www.harvey-adams.net/', 'draft',
        'Nearly hour enter discover.'),
       (8, 8, 'CONTRACT1007', '2024-10-04', 90565.18, 'http://decker.com/', 'draft', 'Hotel well news enter.'),
       (9, 9, 'CONTRACT1008', '2024-08-13', 21261.61, 'http://ward.com/', 'canceled', 'Statement carry.'),
       (10, 10, 'CONTRACT1009', '2024-12-18', 145133.64, 'http://www.atkins.org/', 'signed',
        'Research blood list girl.'),
       (11, 11, 'CONTRACT1010', '2025-03-14', 126355.39, 'https://www.smith.com/', 'draft', 'Different many water.'),
       (12, 12, 'CONTRACT1011', '2024-11-29', 88263.96, 'https://www.torres.com/', 'signed',
        'White team certainly explain.'),
       (13, 13, 'CONTRACT1012', '2024-08-01', 98336.27, 'https://cruz-anderson.com/', 'draft',
        'Great than director remember.'),
       (14, 14, 'CONTRACT1013', '2025-01-16', 129503.33, 'https://howard-morales.com/', 'canceled', 'Look fact.'),
       (15, 15, 'CONTRACT1014', '2024-11-05', 58269.71, 'http://paul.info/', 'canceled', 'Body himself home.');

INSERT INTO additional_equipment_car (id, name, price)
VALUES (1, 'Оборудование 1', 9626.22),
       (2, 'Оборудование 2', 4488.81),
       (3, 'Оборудование 3', 3644.23),
       (4, 'Оборудование 4', 7712.06),
       (5, 'Оборудование 5', 9617.92),
       (6, 'Оборудование 6', 9850.58),
       (7, 'Оборудование 7', 2093.97),
       (8, 'Оборудование 8', 8743.89),
       (9, 'Оборудование 9', 9962.57),
       (10, 'Оборудование 10', 1343.66),
       (11, 'Оборудование 11', 4528.24),
       (12, 'Оборудование 12', 4344.23),
       (13, 'Оборудование 13', 2714.3),
       (14, 'Оборудование 14', 4208.98),
       (15, 'Оборудование 15', 6688.12);

INSERT INTO social_programs_promotions (id, name, type, discount_size, status, comment)
VALUES (1, 'Программа 1', 'price', '23.04', 'active', 'Rate clear newspaper ground just keep.'),
       (2, 'Программа 2', 'percent', '10.11', 'active', 'Suffer life chair senior seem.'),
       (3, 'Программа 3', 'object', '18.33', 'active', 'Week remain decide happy another.'),
       (4, 'Программа 4', 'price', '6.87', 'not_active', 'Debate take one them in.'),
       (5, 'Программа 5', 'object', '11.11', 'active', 'Plant whether protect most.'),
       (6, 'Программа 6', 'price', '13.52', 'not_active', 'Final name at painting room sell.'),
       (7, 'Программа 7', 'price', '23.72', 'not_active', 'Information serious fine seat.'),
       (8, 'Программа 8', 'price', '6.98', 'active', 'Pass tend onto when.'),
       (9, 'Программа 9', 'object', '24.09', 'not_active', 'Check election order everything stuff.'),
       (10, 'Программа 10', 'percent', '18.73', 'active', 'Him second until direction.'),
       (11, 'Программа 11', 'percent', '23.39', 'not_active', 'Enough become choice phone nor as.'),
       (12, 'Программа 12', 'object', '10.05', 'not_active', 'Look floor role agency its professor.'),
       (13, 'Программа 13', 'price', '7.43', 'active', 'Seven those budget.'),
       (14, 'Программа 14', 'percent', '11.96', 'active', 'Easy picture enough break factor.'),
       (15, 'Программа 15', 'price', '21.38', 'active', 'Sort couple station my full need.');

INSERT INTO car_order_colors (car_models_id, color, is_available)
VALUES (10, 'Red', True),
       (4, 'Blue', True),
       (4, 'Green', True),
       (12, 'Black', True),
       (5, 'White', False),
       (12, 'Silver', True),
       (15, 'Gray', True),
       (14, 'Yellow', True),
       (3, 'Orange', False),
       (2, 'Brown', False),
       (6, 'Gold', False),
       (3, 'Purple', True),
       (4, 'Cyan', False),
       (6, 'Magenta', False),
       (5, 'Beige', False);

INSERT INTO list_fuel_types_engines (fuel_type_id, engines_id)
VALUES (14, 15),
       (1, 2),
       (4, 3),
       (1, 5),
       (1, 13),
       (14, 8),
       (6, 14),
       (3, 13),
       (3, 14),
       (11, 8),
       (6, 9),
       (7, 15),
       (9, 9),
       (1, 10),
       (2, 11);

INSERT INTO list_car_models_engines (car_models_id, engines_id)
VALUES (13, 13),
       (9, 13),
       (10, 2),
       (12, 7),
       (15, 13),
       (4, 5),
       (9, 15),
       (10, 7),
       (14, 8),
       (14, 13),
       (7, 10),
       (10, 4),
       (14, 14),
       (13, 1),
       (11, 15);

INSERT INTO list_additional_equipment_cars (car_instance_id, aec_id)
VALUES (1, 12),
       (3, 5),
       (9, 10),
       (5, 6),
       (2, 8),
       (14, 5),
       (14, 6),
       (13, 7),
       (7, 13),
       (7, 1),
       (3, 11),
       (15, 3),
       (4, 5),
       (12, 14),
       (6, 1);

INSERT INTO list_social_programs_promotions (car_instance_id, social_programs_promotion_id)
VALUES (1, 8),
       (7, 3),
       (8, 15),
       (14, 10),
       (12, 2),
       (11, 12),
       (3, 13),
       (6, 7),
       (1, 10),
       (8, 7),
       (8, 1),
       (2, 8),
       (13, 3),
       (1, 1),
       (10, 10);

INSERT INTO telephone_number (human_id, telephone_type_id, telephone)
VALUES (5, 11, '+79522840790'),
       (11, 2, '+79183667167'),
       (23, 9, '+79853948784'),
       (21, 6, '+79178609879'),
       (7, 7, '+79241755692'),
       (26, 13, '+79913128720'),
       (25, 8, '+79536626120'),
       (4, 15, '+79330080006'),
       (2, 10, '+79597389733'),
       (23, 8, '+79898474704'),
       (20, 11, '+79908836582'),
       (30, 6, '+79217129167'),
       (21, 2, '+79721148965'),
       (22, 12, '+79741488976'),
       (20, 5, '+79569261820');

INSERT INTO staff_orders (id, staff_id, order_type, order_date, description, document_link)
VALUES (1, 30, 15, '2023-09-19', 'Standard PM election case yet between night.', 'http://garcia.com/'),
       (2, 24, 11, '2024-05-27', 'Minute site girl.', 'http://www.alvarado.info/'),
       (3, 21, 3, '2024-02-11', 'Especially win give yourself.', 'http://www.clayton-terrell.com/'),
       (4, 25, 2, '2024-07-25', 'Bar standard final.', 'https://www.carr.com/'),
       (5, 17, 9, '2023-09-23', 'Without mention get last increase.', 'https://www.watkins.com/'),
       (6, 25, 5, '2023-09-29', 'Drop join recognize all structure.', 'https://www.edwards.com/'),
       (7, 18, 7, '2023-06-23', 'Support realize cause others skill.', 'https://perez.net/'),
       (8, 30, 3, '2024-05-31', 'Remain interest college anything relationship local air.', 'http://summers.info/'),
       (9, 18, 13, '2023-05-28', 'Moment buy east example identify likely.', 'http://www.eaton.com/'),
       (10, 19, 6, '2023-11-04', 'Small control work name Congress.', 'https://www.chang.org/'),
       (11, 24, 4, '2024-10-27', 'Seat model similar sometimes.', 'http://brown.biz/'),
       (12, 19, 13, '2024-06-12', 'Defense mouth manage camera beat activity.', 'http://www.terrell.com/'),
       (13, 18, 5, '2024-04-01', 'Product election baby seven only scientist.', 'http://www.lamb.com/'),
       (14, 21, 7, '2024-08-24', 'They eye out goal group stop father politics.', 'https://www.mendoza.com/'),
       (15, 26, 1, '2024-08-31', 'Fund feeling cause stand visit red.', 'https://morrison.net/');
